customer_id,first_name,last_name,email,signup_date,city,state
C00001,CustFN1,123abc,NULL,not_a_date,,NULL
C00002,nan,CustLN2,customer2@example.com, ,Delhi,null
123abc,null,null,customer3@example.com,123abc,@@@,Maharashtra
C00004,CustFN4,CustLN4,N/A,N/A,invalid,Telangana
C00005,CustFN5,CustLN5,customer5@example.com,2024-04-02,Mumbai,Maharashtra
C00006,CustFN6, ,nan,nan,###BAD###,Telangana
9999-99-99,CustFN7,CustLN7,###BAD###,2023-07-29,32-13-2025,not_a_date
N/A,CustFN8,CustLN8,customer8@example.com,2023-06-28,Kolkata,Karnataka
C00009,CustFN9,CustLN9,N/A,123abc,,invalid
C00010,CustFN10,CustLN10,customer10@example.com,NULL,Noida,Telangana
C00011,CustFN11,CustLN11,customer11@example.com,2023-03-03,Delhi, 
NULL,CustFN12,,customer12@example.com, ,Kolkata,Uttar Pradesh
C00013,CustFN13,CustLN13,customer13@example.com,2024-03-23,Mumbai,N/A
C00014,CustFN14,CustLN14,customer14@example.com,2024-04-21,not_a_date,not_a_date
C00015,CustFN15,###BAD###,customer15@example.com,2025-10-31,Pune,Tamil Nadu
 ,CustFN16,CustLN16,customer16@example.com,N/A,Kolkata,Karnataka
C00017,CustFN17,CustLN17,,2024-02-12,not_a_date,Uttar Pradesh
32-13-2025,CustFN18,CustLN18,customer18@example.com,2025-05-09,Kolkata,Maharashtra
C00019,NULL,CustLN19,32-13-2025,2024-03-27,nan,###BAD###
C00020,123abc,null,null,123abc,Kolkata,Telangana
nan,CustFN21,CustLN21,customer21@example.com,2024-07-23,Kolkata,Karnataka
C00022,CustFN22,###BAD###,customer22@example.com,2023-01-14,###BAD###,Telangana
C00023,null,CustLN23,123abc,2023-11-23,Pune,West Bengal
@@@,CustFN24,CustLN24,customer24@example.com,2025-05-15,,Tamil Nadu
C00025,CustFN25,CustLN25,customer25@example.com,2024-11-27,Mumbai,West Bengal
C00026,not_a_date,CustLN26,customer26@example.com,2024-07-23,Chennai,Maharashtra
C00027,NULL,32-13-2025,customer27@example.com,2023-11-15,123abc,Delhi
C00028,CustFN28,CustLN28,customer28@example.com,2024-03-16,32-13-2025,
null,invalid,not_a_date,N/A, ,N/A,Maharashtra
C00030,9999-99-99,invalid,customer30@example.com,2023-07-29,Bengaluru,Delhi
C00031,CustFN31,NULL,customer31@example.com,null,9999-99-99,###BAD###
###BAD###,CustFN32,CustLN32,customer32@example.com,2025-02-17,Mumbai,Maharashtra
C00033,32-13-2025,null,customer33@example.com,123abc,Bengaluru,Tamil Nadu
C00034,32-13-2025,CustLN34,customer34@example.com,2025-01-05,nan,32-13-2025
32-13-2025,CustFN35,CustLN35,nan,NULL,123abc,Maharashtra
C00036,nan,CustLN36,customer36@example.com,2024-06-25,Kolkata,Delhi
C00037,CustFN37,9999-99-99,customer37@example.com, ,Pune,not_a_date
not_a_date,CustFN38,CustLN38,@@@,###BAD###,invalid,nan
C00039,CustFN39,,invalid,2023-09-13,Bengaluru,NULL
@@@,CustFN40,###BAD###,customer40@example.com,NULL,NULL,123abc
123abc,###BAD###,CustLN41,customer41@example.com,2023-06-11,Mumbai,###BAD###
9999-99-99,,CustLN42,customer42@example.com,2024-08-23,Bengaluru,Tamil Nadu
C00043,CustFN43,CustLN43,customer43@example.com,2025-01-10,,Maharashtra
C00044,NULL,CustLN44,nan,2024-01-29,Delhi, 
C00045,CustFN45,CustLN45,customer45@example.com,null, ,9999-99-99
C00046,CustFN46,CustLN46, ,2023-04-04,Noida,Delhi
C00047,CustFN47,CustLN47,customer47@example.com,2024-04-11,Noida,Uttar Pradesh
,###BAD###,CustLN48,123abc,2024-08-15,Pune,West Bengal
C00049,CustFN49,CustLN49,customer49@example.com,32-13-2025,NULL,West Bengal
C00050,CustFN50,32-13-2025,customer50@example.com,9999-99-99,Noida,Telangana
C00051,123abc,nan,###BAD###,,Kolkata,null
not_a_date,,9999-99-99,customer52@example.com,2025-02-17,###BAD###,123abc
nan,CustFN53,null,customer53@example.com,2024-07-23,Chennai,Tamil Nadu
NULL,@@@,CustLN54,customer54@example.com,123abc,Noida,Telangana
invalid,CustFN55,CustLN55,not_a_date,,32-13-2025,Uttar Pradesh
null,CustFN56,CustLN56,nan,2023-11-30,Mumbai,Maharashtra
C00057,CustFN57,CustLN57,customer57@example.com,123abc,NULL,not_a_date
###BAD###,CustFN58,CustLN58,nan,2024-12-28,Hyderabad,Tamil Nadu
C00059,invalid,nan,N/A,nan, , 
C00060,@@@,CustLN60,customer60@example.com,2024-06-30,Delhi,invalid
C00061,CustFN61,CustLN61,N/A,invalid,invalid,###BAD###
C00062,CustFN62,NULL,@@@,9999-99-99,,###BAD###
not_a_date,CustFN63,CustLN63,customer63@example.com,2024-05-16,invalid,NULL
C00064,CustFN64,CustLN64,@@@,2023-12-01,Delhi,Maharashtra
C00065,CustFN65,invalid,customer65@example.com,2025-08-04,9999-99-99,West Bengal
C00066,nan,CustLN66,customer66@example.com,2025-02-16,null,Maharashtra
123abc,@@@,CustLN67,N/A,2024-07-06,Delhi,32-13-2025
C00068,not_a_date,CustLN68,customer68@example.com,invalid,NULL,9999-99-99
,CustFN69,CustLN69,customer69@example.com,2024-10-26,null,Maharashtra
NULL,invalid,N/A,customer70@example.com,9999-99-99, ,West Bengal
C00071,CustFN71,CustLN71,customer71@example.com,2024-04-14,NULL,9999-99-99
null,CustFN72,CustLN72,9999-99-99,N/A,Chennai,Maharashtra
C00073,,CustLN73,###BAD###,N/A,Noida,123abc
NULL,CustFN74,CustLN74,null,N/A,Hyderabad, 
nan,null,CustLN75,N/A,2024-07-02,Delhi,Tamil Nadu
C00076,@@@,N/A,9999-99-99, ,Delhi,invalid
C00077, ,CustLN77,customer77@example.com,32-13-2025,Kolkata,West Bengal
C00078,CustFN78,CustLN78,customer78@example.com,2024-10-06,Hyderabad,Maharashtra
N/A,###BAD###,CustLN79, , ,invalid,West Bengal
C00080,nan,CustLN80,###BAD###,2025-10-19,Kolkata,32-13-2025
C00081,CustFN81,CustLN81,customer81@example.com,@@@,9999-99-99,
C00082,32-13-2025,CustLN82,invalid, ,Pune,Uttar Pradesh
C00083,not_a_date,invalid,customer83@example.com,2023-10-20,@@@,Maharashtra
invalid,@@@,CustLN84,32-13-2025,2024-06-26,Hyderabad,Tamil Nadu
NULL,CustFN85,###BAD###,nan,,Hyderabad,Uttar Pradesh
invalid,CustFN86,CustLN86,customer86@example.com,not_a_date,Delhi,null
C00087,CustFN87,CustLN87,32-13-2025,2024-06-22,###BAD###,null
C00088,CustFN88,CustLN88,customer88@example.com,2025-05-27,@@@,Karnataka
123abc,CustFN89,CustLN89,customer89@example.com, ,Pune,Maharashtra
nan,CustFN90,CustLN90,@@@,2025-01-11,nan,Karnataka
C00091,123abc,CustLN91,@@@,nan,Pune, 
9999-99-99,CustFN92,NULL,,null,Bengaluru,Uttar Pradesh
C00093,CustFN93,CustLN93,nan,###BAD###,Noida,###BAD###
C00094,CustFN94,CustLN94,customer94@example.com,nan,Delhi,Maharashtra
C00095,###BAD###,CustLN95,customer95@example.com,2023-04-07,Delhi,Maharashtra
null, ,CustLN96,N/A,2023-08-13,Delhi,N/A
,CustFN97,CustLN97,NULL,9999-99-99,@@@,
C00098,CustFN98,CustLN98,9999-99-99,2023-11-24,Hyderabad,Maharashtra
C00099,CustFN99,123abc,customer99@example.com,###BAD###,Delhi,32-13-2025
 ,NULL,not_a_date, ,@@@,Pune,Karnataka
@@@,CustFN101,NULL,customer101@example.com,32-13-2025,Bengaluru,West Bengal
 ,CustFN102,32-13-2025,not_a_date,2025-02-20,Mumbai,null
,CustFN103,CustLN103,customer103@example.com,2025-08-16,Pune,Karnataka
 ,CustFN104,CustLN104,customer104@example.com,2024-05-29,Delhi,Maharashtra
C00105,CustFN105,CustLN105,customer105@example.com,@@@,NULL,West Bengal
C00106,CustFN106,CustLN106,,nan,Pune,Uttar Pradesh
nan,CustFN107,NULL,customer107@example.com,2024-06-30,Hyderabad,@@@
invalid,CustFN108,CustLN108,customer108@example.com,2024-11-27,Mumbai,N/A
C00109,CustFN109,CustLN109,customer109@example.com,2023-08-17,###BAD###,invalid
C00110,CustFN110,CustLN110,###BAD###,32-13-2025,Chennai,Uttar Pradesh
invalid,NULL,NULL,customer111@example.com,nan,Pune,Maharashtra
###BAD###, ,CustLN112,customer112@example.com,32-13-2025,not_a_date,Maharashtra
123abc,CustFN113,CustLN113,customer113@example.com,N/A,Kolkata,Telangana
null,CustFN114,invalid,nan,N/A,Bengaluru,Maharashtra
C00115,CustFN115,CustLN115,null,2024-06-23,Noida,Maharashtra
###BAD###,123abc,CustLN116,9999-99-99,nan,Kolkata,Tamil Nadu
NULL,9999-99-99,CustLN117,null,N/A,nan,123abc
C00118,CustFN118,CustLN118,N/A,2023-08-06,Pune,Maharashtra
C00119,CustFN119,CustLN119,9999-99-99,2024-09-03,Pune,Telangana
,CustFN120,CustLN120,,2024-02-12,Delhi,nan
C00121,32-13-2025,CustLN121,customer121@example.com,32-13-2025,Chennai,Delhi
C00122,CustFN122,CustLN122,not_a_date,2025-02-04,Kolkata,32-13-2025
,CustFN123,CustLN123,customer123@example.com,,Hyderabad, 
,###BAD###,CustLN124,customer124@example.com,2023-01-02,Mumbai,null
123abc,CustFN125,NULL,nan,2024-10-25,Chennai,N/A
C00126,nan, ,customer126@example.com,2025-09-27,Mumbai,Tamil Nadu
123abc,123abc,CustLN127,customer127@example.com,2023-02-09,Bengaluru,@@@
123abc,CustFN128,nan,customer128@example.com,nan,Chennai,Tamil Nadu
C00129,null,N/A,invalid,2025-01-13,Chennai,123abc
9999-99-99,CustFN130,CustLN130,not_a_date,2024-09-21,NULL,Delhi
@@@,CustFN131,CustLN131,32-13-2025,32-13-2025,Pune,Maharashtra
not_a_date,CustFN132,CustLN132,,2023-04-29,Mumbai,Telangana
9999-99-99,CustFN133,CustLN133,customer133@example.com,123abc,not_a_date,Uttar Pradesh
###BAD###,CustFN134,CustLN134,123abc,NULL,Bengaluru,West Bengal
C00135,N/A,null,customer135@example.com,NULL,not_a_date,@@@
C00136,nan,CustLN136,nan,2025-09-22,N/A,Tamil Nadu
 ,123abc,CustLN137,NULL,2023-05-22,Bengaluru,@@@
invalid,N/A,CustLN138,customer138@example.com,2023-09-15,Mumbai,nan
NULL,CustFN139,@@@, ,32-13-2025,Delhi,Delhi
NULL,nan,CustLN140,invalid,9999-99-99,Kolkata, 
N/A,,nan,###BAD###,2023-12-05,Hyderabad,invalid
###BAD###,N/A,CustLN142,nan,2024-06-26,nan,Telangana
C00143,CustFN143,CustLN143,32-13-2025,2025-05-16,@@@,Uttar Pradesh
C00144,N/A,CustLN144,N/A,NULL, ,9999-99-99
invalid,,CustLN145,nan,2024-02-16,Bengaluru,Maharashtra
C00146,CustFN146,null,9999-99-99,2024-09-30,Pune,Karnataka
NULL,9999-99-99,N/A,###BAD###,2025-03-28,Chennai,Delhi
C00148,NULL,CustLN148,customer148@example.com,2025-02-03,Pune,###BAD###
C00149,123abc,, ,N/A,NULL,invalid
C00150, ,,customer150@example.com,2025-07-13,Mumbai,Maharashtra
C00151,CustFN151,CustLN151,customer151@example.com,2023-09-05,###BAD###,Delhi
32-13-2025,nan,CustLN152,customer152@example.com,invalid,nan,Maharashtra
NULL,CustFN153,CustLN153, ,2024-04-05,Mumbai,nan
N/A,CustFN154,CustLN154,customer154@example.com,2023-05-12,32-13-2025,West Bengal
C00155,CustFN155,CustLN155,customer155@example.com,2024-11-23,Chennai,nan
invalid,123abc,nan,customer156@example.com,2023-02-13,N/A,Tamil Nadu
123abc,32-13-2025,CustLN157,,2024-04-16,###BAD###,Maharashtra
C00158,@@@,CustLN158,###BAD###, ,invalid,32-13-2025
C00159,CustFN159,CustLN159,customer159@example.com,2023-01-15,###BAD###,N/A
C00160,CustFN160,CustLN160,invalid,2023-05-26,Hyderabad,@@@
C00161,CustFN161,CustLN161,not_a_date,2023-05-01,9999-99-99,Karnataka
C00162,CustFN162,CustLN162,###BAD###,2024-04-13,Kolkata,Maharashtra
C00163,nan,CustLN163,customer163@example.com,2023-05-19,NULL,Maharashtra
C00164,,CustLN164,null,@@@,Pune,N/A
C00165,not_a_date,CustLN165,NULL,2024-11-07,Hyderabad,Karnataka
C00166,CustFN166,CustLN166,customer166@example.com,2023-05-26,null,NULL
C00167,CustFN167,CustLN167,N/A,null,,invalid
invalid, , ,customer168@example.com,2024-07-24,Noida, 
 ,9999-99-99,9999-99-99,customer169@example.com,2025-09-21,Chennai,9999-99-99
123abc,invalid,CustLN170,32-13-2025,invalid,Mumbai,32-13-2025
invalid,invalid,CustLN171,customer171@example.com,2023-09-28,123abc,Telangana
123abc,null,CustLN172,customer172@example.com,2025-08-26,Hyderabad,Maharashtra
32-13-2025,CustFN173,,customer173@example.com,2024-05-12,Mumbai,not_a_date
C00174,CustFN174,CustLN174,32-13-2025,null,nan,NULL
C00175,CustFN175,CustLN175, ,2025-04-13,Kolkata,@@@
C00176,invalid,,@@@,32-13-2025, ,invalid
C00177,,CustLN177,invalid,2023-07-13,Kolkata,Maharashtra
NULL,CustFN178,CustLN178,invalid,2023-07-18,Bengaluru,N/A
C00179,CustFN179,###BAD###,NULL,2025-06-01,Chennai,Telangana
9999-99-99,CustFN180,CustLN180,customer180@example.com,2024-12-26,Chennai,West Bengal
NULL,CustFN181,CustLN181,9999-99-99,null,Pune,Delhi
C00182,CustFN182,CustLN182,customer182@example.com,2025-04-21,Delhi,9999-99-99
invalid,NULL,CustLN183,customer183@example.com,123abc,nan,###BAD###
C00184,nan,###BAD###,not_a_date,2023-04-21,,
,nan,CustLN185,customer185@example.com,2023-07-21,Hyderabad,Maharashtra
,CustFN186,invalid,customer186@example.com,2023-05-05,N/A,Tamil Nadu
@@@,CustFN187,NULL, ,9999-99-99,Bengaluru,###BAD###
32-13-2025,CustFN188,CustLN188,not_a_date,invalid,###BAD###,Uttar Pradesh
C00189,invalid,null,N/A,2023-08-12,Kolkata,West Bengal
nan,CustFN190,CustLN190,NULL,2024-05-24,NULL,Maharashtra
C00191,CustFN191,NULL,@@@,invalid,not_a_date,NULL
invalid,CustFN192,not_a_date,customer192@example.com,,NULL,Telangana
C00193,CustFN193,CustLN193,customer193@example.com,null,N/A,not_a_date
C00194,NULL,CustLN194,customer194@example.com,32-13-2025,null,Telangana
C00195,32-13-2025,CustLN195,NULL,2025-05-14,###BAD###,Delhi
C00196,CustFN196,invalid,nan,,Noida,Tamil Nadu
@@@,CustFN197,CustLN197,null,32-13-2025,Delhi,West Bengal
C00198, ,,customer198@example.com,2025-08-05,Pune,not_a_date
 ,CustFN199,NULL,customer199@example.com,2024-05-26,123abc,@@@
C00200,not_a_date,###BAD###,null, ,not_a_date,Tamil Nadu
C00201, , ,customer201@example.com,N/A,nan,NULL
C00202,invalid,CustLN202,customer202@example.com,###BAD###,nan,invalid
9999-99-99,CustFN3,CustLN203,N/A,invalid,invalid,9999-99-99
C00204,invalid,CustLN204,customer204@example.com,2023-01-31,nan,Telangana
C00205,nan,NULL,customer205@example.com,2023-07-11,###BAD###,Maharashtra
C00206,CustFN6,NULL,customer206@example.com,N/A,Pune,Maharashtra
123abc,CustFN7,CustLN207,customer207@example.com,2023-12-07,Bengaluru,Delhi
C00208,CustFN8,CustLN208,customer208@example.com,@@@,Noida,nan
C00209,CustFN9,CustLN209,customer209@example.com,2025-09-21,Pune,NULL
,CustFN10,CustLN210,customer210@example.com,2025-09-12,Delhi, 
C00211, ,CustLN211, ,,123abc,Uttar Pradesh
,32-13-2025,CustLN212,customer212@example.com,null,Delhi,invalid
C00213, ,CustLN213,null,2023-05-01,9999-99-99,Tamil Nadu
C00214,nan,CustLN214,customer214@example.com,2023-12-04,not_a_date,Delhi
9999-99-99,###BAD###,9999-99-99,###BAD###,,Hyderabad,N/A
C00216,null,not_a_date,null,nan,Delhi,Delhi
NULL,CustFN17,CustLN217,,2025-03-10,Hyderabad,Karnataka
C00218,CustFN18,CustLN218,customer218@example.com,2024-06-27,Chennai,Telangana
C00219,CustFN19,invalid,customer219@example.com,2025-07-20,###BAD###,Uttar Pradesh
123abc,CustFN20,CustLN220,not_a_date,123abc,,nan
C00221,CustFN21,CustLN221,customer221@example.com,###BAD###,Pune,Delhi
C00222,CustFN22,CustLN222,N/A,2025-09-23,Bengaluru,nan
nan,###BAD###,###BAD###,@@@, ,Delhi,Delhi
C00224,CustFN24,CustLN224, ,2024-01-24,,not_a_date
,CustFN25,CustLN225,NULL,2024-08-30,###BAD###,null
C00226,@@@,CustLN226,9999-99-99,2024-03-21,Pune,NULL
not_a_date,CustFN27,invalid,customer227@example.com,123abc,Pune,Telangana
C00228,null,CustLN228,,2023-05-05,N/A,Maharashtra
C00229,CustFN29,N/A,null,NULL,@@@,Tamil Nadu
C00230,CustFN30,nan,###BAD###,###BAD###,Delhi,Telangana
C00231,CustFN31,N/A,customer231@example.com,123abc,not_a_date,9999-99-99
not_a_date,CustFN32,CustLN232,customer232@example.com,2025-09-03,Chennai,Delhi
C00233,CustFN33,CustLN233,###BAD###,2025-10-26,Kolkata,West Bengal
C00234,###BAD###,CustLN234,customer234@example.com,2023-11-19,null,N/A
nan,CustFN35,not_a_date,customer235@example.com,2023-04-27,Bengaluru,Telangana
null,9999-99-99,CustLN236,###BAD###,2023-06-14,123abc,null
C00237,CustFN37,CustLN237,customer237@example.com,2024-01-16,Bengaluru,9999-99-99
C00238,CustFN38,CustLN238,customer238@example.com,2023-05-21,Noida,invalid
32-13-2025,CustFN39,CustLN239,customer239@example.com,2023-05-20,Noida,Tamil Nadu
C00240,not_a_date,,customer240@example.com,invalid,32-13-2025,Tamil Nadu
C00241,CustFN41,CustLN241,customer241@example.com,2025-04-06,nan,Uttar Pradesh
not_a_date,CustFN42,CustLN242,customer242@example.com, ,32-13-2025,###BAD###
,CustFN43,, ,2024-05-19,32-13-2025,Delhi
C00244,CustFN44,CustLN244,,not_a_date,null,Karnataka
###BAD###,CustFN45,###BAD###,@@@,2023-06-17,Delhi,NULL
C00246,9999-99-99,###BAD###,###BAD###,2025-05-08,,Tamil Nadu
null,not_a_date,CustLN247,not_a_date,not_a_date,Noida,Telangana
@@@,CustFN48,CustLN248,###BAD###,,invalid,null
C00249,CustFN49,CustLN249,customer249@example.com,2024-02-23,Chennai,Uttar Pradesh
C00250,not_a_date,32-13-2025,NULL,9999-99-99,Mumbai,Delhi
C00251,CustFN51,CustLN251,customer251@example.com,123abc,Pune,@@@
C00252,CustFN52,null,N/A,123abc,Delhi,Tamil Nadu
C00253,null,123abc,customer253@example.com,2025-03-21,Chennai,invalid
C00254,CustFN54,CustLN254,customer254@example.com,invalid,123abc,Uttar Pradesh
,CustFN55,CustLN255,customer255@example.com,2024-09-06,,West Bengal
C00256,CustFN56,CustLN256,customer256@example.com,123abc,32-13-2025,Uttar Pradesh
C00257,CustFN57,nan, ,,Mumbai,Delhi
C00258,CustFN58,nan,,123abc,,Karnataka
C00259,CustFN59,N/A,###BAD###,2023-01-20,null,invalid
C00260,CustFN60,CustLN260,customer260@example.com,2025-07-27,Delhi,9999-99-99
,CustFN61,123abc,customer261@example.com,2023-07-24,9999-99-99,Telangana
C00262,CustFN62,123abc,customer262@example.com,2023-05-31,Hyderabad,Maharashtra
 ,CustFN63,NULL,32-13-2025,2024-03-12,Noida,Telangana
C00264,CustFN64,nan,customer264@example.com,N/A,Mumbai,Maharashtra
C00265,CustFN65,CustLN265,customer265@example.com,2024-06-27,Noida,Uttar Pradesh
C00266,CustFN66,CustLN266,9999-99-99,NULL,nan,###BAD###
 ,CustFN67,invalid,NULL,2024-12-15, ,Telangana
,32-13-2025,CustLN268,customer268@example.com,2023-05-21,Noida,Karnataka
@@@,CustFN69,CustLN269,customer269@example.com,2024-05-15,invalid,Tamil Nadu
C00270,NULL,nan,9999-99-99,2025-01-26,nan,Maharashtra
C00271,not_a_date,123abc,customer271@example.com,123abc,Noida,###BAD###
C00272,CustFN72,nan,customer272@example.com,2023-11-20,NULL,Uttar Pradesh
C00273,@@@,CustLN273,null,2025-06-16,Pune,Maharashtra
C00274,CustFN74,CustLN274,customer274@example.com,2024-09-11,Delhi,Karnataka
C00275,CustFN75,CustLN275,customer275@example.com,2023-01-17,Bengaluru,32-13-2025
C00276,null,CustLN276,customer276@example.com,2024-09-05,@@@,Maharashtra
not_a_date,CustFN77,9999-99-99,nan,2023-08-01,Kolkata,Tamil Nadu
C00278,@@@,CustLN278,customer278@example.com,2023-10-03,###BAD###,Uttar Pradesh
C00279,CustFN79,CustLN279,N/A,@@@,nan,West Bengal
C00280,###BAD###,NULL, ,invalid,not_a_date,not_a_date
C00281,CustFN81,CustLN281,customer281@example.com,2023-08-08,Pune,Telangana
###BAD###,,CustLN282,customer282@example.com,2023-11-15,not_a_date,invalid
C00283,NULL,CustLN283,customer283@example.com,invalid,9999-99-99,Telangana
C00284,CustFN84,@@@,customer284@example.com,@@@,nan,123abc
C00285,CustFN85,not_a_date,customer285@example.com,2024-03-07,Hyderabad,Delhi
C00286,nan,CustLN286,customer286@example.com,2024-12-03,Pune,nan
32-13-2025,null,CustLN287,customer287@example.com,2024-02-21,Mumbai,Karnataka
C00288,CustFN88,N/A,32-13-2025,2024-06-24,###BAD###,Maharashtra
,CustFN89,CustLN289,customer289@example.com,2025-11-01,NULL,###BAD###
C00290,123abc,CustLN290,customer290@example.com,@@@,Pune,West Bengal
C00291,CustFN91,CustLN291,customer291@example.com,invalid,null,nan
nan,CustFN92,CustLN292,customer292@example.com,2023-04-15,Hyderabad,invalid
C00293,CustFN93, ,customer293@example.com,2023-07-09,Chennai,123abc
not_a_date,CustFN94,@@@,customer294@example.com,32-13-2025,Chennai, 
C00295,NULL,not_a_date,customer295@example.com,2024-07-20,Bengaluru,Uttar Pradesh
nan,invalid,CustLN296,customer296@example.com,N/A,invalid,N/A
C00297,9999-99-99,123abc,N/A,123abc,NULL,not_a_date
invalid,CustFN98,CustLN298,customer298@example.com,32-13-2025,@@@,
C00299,NULL,CustLN299,customer299@example.com,2023-09-25,null,###BAD###
C00300,N/A,CustLN0,customer300@example.com,2024-06-20,Chennai,9999-99-99
C00301,CustFN101,,customer301@example.com,2023-11-27,Hyderabad,Telangana
C00302,CustFN102,###BAD###,customer302@example.com,2025-06-23,,Telangana
null,CustFN103,CustLN3,,2025-05-25,Delhi,Delhi
C00304,CustFN104,CustLN4,customer304@example.com,2023-01-20,Chennai,123abc
C00305,CustFN105,CustLN5,customer305@example.com,2023-08-18,null,null
C00306,CustFN106,CustLN6,not_a_date,9999-99-99,Pune,Telangana
 ,###BAD###,CustLN7,N/A,2023-11-02,Bengaluru,Telangana
C00308, , ,customer308@example.com,NULL,,Maharashtra
@@@,CustFN109,CustLN9,not_a_date,N/A,Hyderabad,9999-99-99
C00310,CustFN110,NULL,customer310@example.com,,32-13-2025,Delhi
C00311,,N/A,customer311@example.com,2025-05-30,9999-99-99,Delhi
C00312,CustFN112,123abc,customer312@example.com,not_a_date,Pune,West Bengal
 ,CustFN113,CustLN13,customer313@example.com,2023-03-27,Chennai,Maharashtra
C00314,CustFN114,CustLN14,,2024-09-23,Bengaluru,Karnataka
C00315,not_a_date,N/A,customer315@example.com,2025-01-16,Kolkata,32-13-2025
NULL,CustFN116,CustLN16,N/A,2023-03-23,Pune,123abc
C00317,@@@,CustLN17,customer317@example.com,2025-01-02, ,Maharashtra
9999-99-99,CustFN118,CustLN18,not_a_date,2024-03-06,Kolkata,Telangana
9999-99-99,9999-99-99,CustLN19,N/A,2024-05-26,32-13-2025,Delhi
@@@,###BAD###,CustLN20,customer320@example.com,2023-07-30,9999-99-99,###BAD###
not_a_date,CustFN121,CustLN21,customer321@example.com,2024-12-25,Bengaluru,Delhi
C00322,nan,CustLN22,customer322@example.com,32-13-2025,32-13-2025,@@@
###BAD###,nan,CustLN23,NULL,2023-11-13,NULL,32-13-2025
32-13-2025,CustFN124,not_a_date,32-13-2025,,@@@,West Bengal
C00325,CustFN125,CustLN25,N/A,123abc,Mumbai,@@@
C00326,CustFN126,CustLN26,customer326@example.com,invalid,null,Maharashtra
C00327,CustFN127,###BAD###,customer327@example.com,not_a_date,Bengaluru,Telangana
C00328,CustFN128,not_a_date,customer328@example.com,N/A,Hyderabad,Uttar Pradesh
N/A,CustFN129,CustLN29,customer329@example.com,2024-01-03,Bengaluru,Karnataka
nan,N/A,@@@,customer330@example.com,123abc,Bengaluru,Maharashtra
C00331,CustFN131,CustLN31,customer331@example.com,2025-04-23,invalid,9999-99-99
C00332,CustFN132,CustLN32,customer332@example.com,2024-05-23,Bengaluru,Uttar Pradesh
C00333,CustFN133,CustLN33,null,###BAD###,Noida,32-13-2025
@@@,CustFN134,CustLN34,customer334@example.com,NULL,N/A,Tamil Nadu
32-13-2025,CustFN135,CustLN35,32-13-2025,2023-08-10,123abc,Telangana
C00336,CustFN136,CustLN36,customer336@example.com,123abc,32-13-2025,Delhi
C00337,CustFN137,CustLN37,123abc,2023-03-21,nan,not_a_date
C00338,CustFN138,CustLN38,null,2025-08-21,Noida,Karnataka
 ,CustFN139,CustLN39,N/A,2024-03-31,invalid,###BAD###
not_a_date,CustFN140,@@@,customer340@example.com,2024-02-13,Noida,Tamil Nadu
C00341,invalid,null,customer341@example.com,2025-07-31,invalid,Maharashtra
C00342,###BAD###,CustLN42,not_a_date,2024-12-17,,Uttar Pradesh
C00343,NULL,not_a_date,not_a_date,2024-09-17,Chennai,West Bengal
N/A,N/A,NULL,customer344@example.com,2024-04-11,Noida,not_a_date
null,CustFN145,nan, ,2024-04-01,@@@,Maharashtra
###BAD###,32-13-2025,CustLN46,customer346@example.com,2023-02-18,Pune,Uttar Pradesh
C00347,CustFN147,CustLN47,customer347@example.com,2024-01-31,123abc,null
C00348,CustFN148,invalid,customer348@example.com, ,Noida,Uttar Pradesh
32-13-2025,CustFN149,123abc,NULL,2024-11-03,Chennai,9999-99-99
C00350,CustFN150,N/A,customer350@example.com,2024-07-24,###BAD###,Maharashtra
,CustFN151,CustLN51,customer351@example.com,2023-05-23,Hyderabad,Delhi
C00352,9999-99-99,CustLN52,customer352@example.com,2024-07-25,9999-99-99,Tamil Nadu
 ,CustFN153,CustLN53,customer353@example.com,###BAD###,Kolkata,Maharashtra
###BAD###,invalid,CustLN54,customer354@example.com,N/A,Bengaluru,###BAD###
32-13-2025,nan,123abc,32-13-2025,2024-11-09,Chennai,Maharashtra
C00356,NULL, ,32-13-2025,,Mumbai,9999-99-99
###BAD###,CustFN157,nan,not_a_date,null,Noida,Delhi
32-13-2025,CustFN158,CustLN58,customer358@example.com,2024-06-18,Pune,
9999-99-99,nan,N/A,customer359@example.com,2024-01-01,Delhi,West Bengal
C00360,CustFN160,CustLN60,customer360@example.com,2024-06-27,Delhi,123abc
###BAD###,CustFN161,CustLN61,nan,2023-03-20,@@@,Karnataka
C00362,CustFN162,NULL,invalid,2023-08-11,Delhi,Maharashtra
,32-13-2025,CustLN63,nan,32-13-2025,Bengaluru,Telangana
C00364,CustFN164,CustLN64,customer364@example.com,null,Chennai,Uttar Pradesh
C00365,CustFN165,,@@@,nan,Noida,West Bengal
C00366,,N/A,customer366@example.com,2025-06-12,,9999-99-99
C00367,CustFN167,CustLN67,customer367@example.com,2023-08-25,nan,nan
C00368,CustFN168,CustLN68,customer368@example.com,2025-02-27,Delhi,Karnataka
,###BAD###,CustLN69,customer369@example.com,2024-01-25,Kolkata,Telangana
C00370,CustFN170,CustLN70,nan,@@@,Noida,9999-99-99
C00371,CustFN171,@@@,customer371@example.com,2023-04-01,Pune,not_a_date
C00372,CustFN172,CustLN72,32-13-2025,2025-06-12,Mumbai,West Bengal
C00373,CustFN173,CustLN73,customer373@example.com,2023-01-04,Hyderabad,Uttar Pradesh
32-13-2025,CustFN174,not_a_date,customer374@example.com,null,not_a_date,invalid
C00375,CustFN175,CustLN75,customer375@example.com,2025-01-15,Hyderabad,Telangana
 ,,CustLN76,customer376@example.com,2025-06-02,Pune,N/A
C00377,CustFN177,CustLN77,customer377@example.com,null,Kolkata,West Bengal
C00378,CustFN178,CustLN78, ,2024-11-07,,West Bengal
C00379,CustFN179,CustLN79,@@@,2024-10-04,Delhi,N/A
C00380,null,nan,customer380@example.com,2023-09-13,Pune, 
NULL,CustFN181,CustLN81, ,2024-09-07,Kolkata,Delhi
123abc,CustFN182,,9999-99-99,2024-09-25,Mumbai,###BAD###
C00383,CustFN183,@@@,customer383@example.com,2025-04-16,Pune, 
C00384,CustFN184,CustLN84,123abc,2024-10-30,Delhi,Maharashtra
9999-99-99,###BAD###,CustLN85,customer385@example.com,2025-04-04,,N/A
C00386,invalid, ,customer386@example.com,N/A,Bengaluru,Uttar Pradesh
C00387,CustFN187,32-13-2025,customer387@example.com,2023-09-18,Bengaluru,Delhi
C00388, ,CustLN88,customer388@example.com,2024-01-28,Mumbai,not_a_date
C00389,NULL,CustLN89,customer389@example.com,32-13-2025,Chennai, 
C00390,32-13-2025,N/A,123abc,nan,nan,Maharashtra
C00391,CustFN191,CustLN91,,invalid,null,Telangana
C00392,@@@,CustLN92,customer392@example.com,2024-09-08,Noida,9999-99-99
C00393,NULL,123abc,customer393@example.com,null,###BAD###,Delhi
C00394,CustFN194,CustLN94,###BAD###,2023-01-01,Mumbai,123abc
C00395,CustFN195,NULL,customer395@example.com,2024-09-14,null,###BAD###
C00396,CustFN196,CustLN96,customer396@example.com,2024-08-10,,Uttar Pradesh
NULL,CustFN197,32-13-2025,customer397@example.com,2024-03-06,Chennai,Karnataka
invalid,invalid,CustLN98,customer398@example.com,2025-05-30,Kolkata,Tamil Nadu
C00399,CustFN199,CustLN99,customer399@example.com,not_a_date,N/A,Delhi
C00400,invalid,,customer400@example.com,2025-08-10,Hyderabad,Karnataka
C00401,NULL,invalid,32-13-2025,2025-06-23,9999-99-99,Maharashtra
C00402,CustFN2,32-13-2025,nan,2025-06-24,Chennai,Delhi
C00403,CustFN3,123abc,@@@,2024-03-13,Kolkata,@@@
C00404,CustFN4,null,customer404@example.com,2025-08-27,Chennai,Tamil Nadu
NULL,CustFN5,N/A,,NULL,Delhi,Delhi
C00406,nan,CustLN106,customer406@example.com,###BAD###,Mumbai,null
C00407,CustFN7,CustLN107,,N/A,Kolkata,Maharashtra
NULL,CustFN8,CustLN108,customer408@example.com,@@@,nan,Karnataka
invalid,null,CustLN109,customer409@example.com,2023-07-11,N/A,
N/A,CustFN10,CustLN110,customer410@example.com,2024-04-26,123abc,Telangana
C00411,CustFN11,CustLN111,NULL, ,Delhi,###BAD###
123abc,CustFN12,CustLN112,N/A,2024-04-05, ,@@@
C00413,9999-99-99,CustLN113,customer413@example.com,2024-02-12,Mumbai,Telangana
null,nan,CustLN114,customer414@example.com,123abc,Kolkata,Karnataka
N/A,CustFN15,CustLN115,customer415@example.com,###BAD###,Bengaluru,Uttar Pradesh
not_a_date,CustFN16,CustLN116,customer416@example.com,nan,Chennai,@@@
C00417,CustFN17,CustLN117,invalid,2024-05-16,Hyderabad,Karnataka
C00418,CustFN18,CustLN118,customer418@example.com,@@@,###BAD###,Uttar Pradesh
C00419,CustFN19,CustLN119,,2023-05-30,123abc,Tamil Nadu
C00420,CustFN20,CustLN120,customer420@example.com,N/A,Kolkata,Karnataka
C00421,null,9999-99-99,invalid,2025-04-28,null,Karnataka
9999-99-99,CustFN22,CustLN122,customer422@example.com,2024-02-03,Bengaluru,Maharashtra
C00423,CustFN23,CustLN123,customer423@example.com,2025-02-25,,Uttar Pradesh
C00424,CustFN24,CustLN124,###BAD###, , ,Maharashtra
invalid,nan,###BAD###,customer425@example.com,2025-03-29,Delhi,Maharashtra
not_a_date,CustFN26,CustLN126,nan,invalid,Mumbai,Maharashtra
C00427,CustFN27,CustLN127,,not_a_date,Hyderabad,
###BAD###,not_a_date,nan,customer428@example.com,2023-01-12,Noida,Karnataka
invalid, ,CustLN129,customer429@example.com,2023-08-07,Mumbai,West Bengal
9999-99-99,9999-99-99,CustLN130,###BAD###,,9999-99-99,Telangana
C00431,CustFN31,CustLN131,,2024-03-24,Pune,Uttar Pradesh
C00432,9999-99-99,CustLN132,customer432@example.com,not_a_date,NULL,32-13-2025
not_a_date,###BAD###,CustLN133,32-13-2025,2025-08-09,nan,###BAD###
C00434,CustFN34,CustLN134,customer434@example.com,2023-04-13,Pune,Telangana
C00435,CustFN35,CustLN135,nan,32-13-2025,Delhi,Uttar Pradesh
C00436,CustFN36,CustLN136,customer436@example.com,2023-09-06,Pune,not_a_date
not_a_date,CustFN37,CustLN137,customer437@example.com,9999-99-99,Kolkata,@@@
nan,CustFN38,,customer438@example.com,2023-10-01,NULL,Delhi
C00439,CustFN39,32-13-2025,nan,2025-08-09,123abc,not_a_date
C00440,CustFN40,CustLN140,N/A,2024-10-11,Bengaluru,nan
N/A,CustFN41,,nan,2025-06-25,Mumbai,Tamil Nadu
nan, ,nan,@@@, ,Pune,123abc
C00443,###BAD###,nan,customer443@example.com,2025-05-23,Pune,32-13-2025
C00444,invalid,@@@,customer444@example.com, ,Bengaluru,West Bengal
C00445,###BAD###,CustLN145,9999-99-99,###BAD###,Noida,Tamil Nadu
C00446,CustFN46,not_a_date,customer446@example.com,2025-08-30,Noida,invalid
C00447,NULL,null,customer447@example.com,2025-07-10,Bengaluru,Uttar Pradesh
not_a_date,9999-99-99,NULL,customer448@example.com,2024-06-14,Bengaluru,not_a_date
NULL,###BAD###,CustLN149,,NULL,Delhi,Delhi
C00450,CustFN50,CustLN150,customer450@example.com,32-13-2025,,Delhi
C00451,CustFN51,CustLN151,invalid,2025-09-19,32-13-2025,Tamil Nadu
###BAD###,CustFN52,123abc,customer452@example.com,2024-05-04,not_a_date,NULL
C00453,CustFN53,invalid,9999-99-99,###BAD###,Kolkata,###BAD###
NULL,not_a_date,@@@,customer454@example.com,2025-06-19,Mumbai,Uttar Pradesh
nan,CustFN55,CustLN155,N/A,2023-06-08,Kolkata,N/A
C00456,CustFN56,NULL,123abc,2024-08-08,Mumbai,Telangana
NULL,nan,N/A,customer457@example.com,2024-04-25,Pune,Delhi
C00458,not_a_date,nan,customer458@example.com,2024-07-10,123abc,123abc
C00459,CustFN59,CustLN159,customer459@example.com,@@@,null,123abc
C00460,CustFN60,CustLN160,,2024-10-16,NULL,Maharashtra
not_a_date,###BAD###,@@@,customer461@example.com, ,Chennai,NULL
C00462,N/A,CustLN162,,nan,N/A,
C00463,###BAD###,CustLN163,customer463@example.com,@@@,Kolkata,Maharashtra
C00464,CustFN64,invalid,customer464@example.com,2024-04-18,32-13-2025,Delhi
N/A,###BAD###,CustLN165,customer465@example.com,2025-02-23,Pune,Uttar Pradesh
null,CustFN66,N/A,customer466@example.com,2023-11-09,Mumbai,null
###BAD###,CustFN67,CustLN167,customer467@example.com,nan,Pune,West Bengal
###BAD###,invalid,,customer468@example.com,###BAD###,Chennai,not_a_date
C00469,CustFN69,CustLN169,customer469@example.com,N/A,Delhi,Maharashtra
NULL,CustFN70,CustLN170,9999-99-99,NULL,@@@,NULL
C00471,CustFN71,@@@,customer471@example.com,N/A,###BAD###,Karnataka
,CustFN72,CustLN172,customer472@example.com,2025-08-12,Hyderabad,Karnataka
C00473,@@@,CustLN173,customer473@example.com,2025-05-01,not_a_date,West Bengal
32-13-2025,CustFN74,9999-99-99,N/A,,Hyderabad,invalid
###BAD###,CustFN75,CustLN175,customer475@example.com,2024-02-28,Pune,Maharashtra
C00476,invalid,CustLN176,customer476@example.com,2025-05-10,Bengaluru,32-13-2025
C00477,CustFN77,CustLN177,###BAD###,2025-03-08,Noida,Tamil Nadu
C00478,not_a_date,9999-99-99,32-13-2025,###BAD###,Noida,Karnataka
C00479,CustFN79,CustLN179,customer479@example.com,2025-02-18,Pune,Maharashtra
C00480,not_a_date, ,nan,2025-09-03,@@@,Tamil Nadu
C00481,CustFN81,CustLN181,N/A,N/A,Delhi, 
C00482,CustFN82,32-13-2025,###BAD###,2024-12-21,@@@,N/A
C00483,CustFN83,NULL,invalid,NULL,Delhi,Delhi
nan,CustFN84,CustLN184,customer484@example.com,NULL,9999-99-99,NULL
C00485,invalid,CustLN185,customer485@example.com,2025-05-08,Bengaluru,Telangana
, ,CustLN186,customer486@example.com,2024-03-27,Chennai, 
 ,###BAD###,CustLN187,customer487@example.com,2025-09-26,Pune,Tamil Nadu
C00488,9999-99-99,CustLN188,customer488@example.com,2024-03-25,Delhi,Karnataka
C00489,###BAD###,CustLN189,customer489@example.com,invalid,Delhi,32-13-2025
@@@,CustFN90,CustLN190,customer490@example.com,nan,Pune,West Bengal
32-13-2025,CustFN91,null,null,2025-09-21,null, 
C00492,CustFN92,###BAD###,customer492@example.com,2023-03-01,Chennai,###BAD###
C00493,CustFN93,NULL,customer493@example.com,2025-03-07,123abc,West Bengal
9999-99-99,,NULL,32-13-2025,2024-11-19,invalid,Telangana
9999-99-99,CustFN95,CustLN195,customer495@example.com,32-13-2025,###BAD###,Uttar Pradesh
,CustFN96,CustLN196,@@@,2023-12-05,Noida,123abc
123abc,CustFN97,CustLN197,customer497@example.com,NULL,NULL,Tamil Nadu
not_a_date,not_a_date,CustLN198,customer498@example.com,2023-09-19,NULL,Telangana
C00499,CustFN99,N/A,N/A,2023-02-25,null,Telangana
123abc,CustFN100,CustLN200,9999-99-99,2025-03-17,Pune,Uttar Pradesh
C00501,CustFN101,not_a_date,customer501@example.com,2023-02-25,Hyderabad,Delhi
nan,N/A,CustLN202,customer502@example.com,invalid,N/A,Delhi
,32-13-2025,,customer503@example.com,2025-05-27,###BAD###,32-13-2025
null,CustFN104,invalid,customer504@example.com,2023-10-05,32-13-2025,nan
C00505,not_a_date,CustLN205,invalid,2025-08-03,Hyderabad,Maharashtra
 ,CustFN106,CustLN206,###BAD###,N/A,Pune, 
 ,9999-99-99,CustLN207,@@@,nan,Bengaluru,Uttar Pradesh
N/A,CustFN108,CustLN208,null,2024-06-16,NULL,Maharashtra
C00509,9999-99-99,NULL,customer509@example.com,nan,not_a_date,9999-99-99
C00510,CustFN110,CustLN210,customer510@example.com,2024-11-01,9999-99-99,Delhi
C00511,invalid,CustLN211,customer511@example.com,2024-03-09,32-13-2025,N/A
 ,N/A, ,null,2025-07-20,Bengaluru,Maharashtra
C00513,CustFN113,CustLN213,customer513@example.com,2024-10-31,@@@,
###BAD###,CustFN114,CustLN214,customer514@example.com,2024-11-22,Kolkata,Telangana
NULL,CustFN115,CustLN215,customer515@example.com,2025-02-15,N/A,West Bengal
C00516,CustFN116,CustLN216,customer516@example.com,2024-07-23,NULL,Telangana
 ,invalid,CustLN217,nan,2025-05-13,Hyderabad,West Bengal
C00518,123abc,CustLN218,NULL,NULL,Mumbai,NULL
C00519,NULL, ,customer519@example.com,2023-06-17,Bengaluru,not_a_date
32-13-2025,CustFN120,CustLN220,customer520@example.com,2025-08-21,32-13-2025,Maharashtra
@@@,9999-99-99,CustLN221,nan,invalid,null,Tamil Nadu
C00522,CustFN122,CustLN222,###BAD###,2023-04-17,,Maharashtra
32-13-2025,CustFN123,CustLN223,customer523@example.com,2024-12-17,Noida,Karnataka
C00524,CustFN124,CustLN224,nan,NULL,nan,###BAD###
N/A,CustFN125,CustLN225,null,2023-05-21,Bengaluru,Maharashtra
C00526,CustFN126,CustLN226,customer526@example.com,null,Pune,32-13-2025
C00527,not_a_date,123abc,customer527@example.com,2023-03-05,Hyderabad,Maharashtra
C00528,###BAD###,invalid,nan,2024-05-21,Pune,Delhi
C00529,CustFN129,CustLN229,customer529@example.com,2024-02-13,not_a_date,NULL
C00530,CustFN130,123abc,9999-99-99,2023-02-11,Kolkata,Maharashtra
###BAD###,32-13-2025,CustLN231,123abc,123abc,Delhi,N/A
C00532,NULL,CustLN232,customer532@example.com,2024-05-03,invalid,123abc
32-13-2025,CustFN133,CustLN233,customer533@example.com,2023-09-16,Bengaluru,@@@
9999-99-99,CustFN134,CustLN234,invalid,,123abc,not_a_date
C00535,CustFN135,32-13-2025,###BAD###, ,@@@,Maharashtra
C00536,CustFN136,CustLN236,,2024-03-22,Delhi,Telangana
C00537,CustFN137,CustLN237,,not_a_date,###BAD###,West Bengal
C00538,CustFN138, ,@@@,@@@, ,Karnataka
C00539,NULL,CustLN239,N/A,2025-01-25,Noida,Tamil Nadu
nan,invalid,CustLN240,N/A,2023-12-10,Kolkata,Karnataka
C00541,CustFN141,CustLN241,customer541@example.com, ,null,Tamil Nadu
C00542,CustFN142,CustLN242,customer542@example.com,N/A,Noida,invalid
null,NULL,CustLN243,customer543@example.com,2024-09-29,nan,nan
9999-99-99,N/A,CustLN244,32-13-2025,2023-08-10,null,N/A
 ,CustFN145,CustLN245,@@@,2023-02-22,Bengaluru,@@@
C00546,CustFN146,CustLN246,9999-99-99,2024-09-30,Delhi, 
C00547,CustFN147,CustLN247,customer547@example.com,@@@,Noida,Karnataka
nan,CustFN148,@@@,customer548@example.com,2025-03-23,Bengaluru,9999-99-99
C00549,CustFN149, ,customer549@example.com,123abc,Noida,32-13-2025
C00550,not_a_date,CustLN250,customer550@example.com,2023-06-05,Delhi,
C00551,###BAD###,32-13-2025, ,2024-05-12,Pune,West Bengal
C00552,CustFN152,CustLN252,###BAD###,2023-07-28, ,@@@
not_a_date,CustFN153,CustLN253,nan,2024-09-09,Delhi,Delhi
C00554,null,CustLN254, ,2023-09-05,Chennai,Delhi
9999-99-99,CustFN155,@@@,customer555@example.com,2023-03-26,Chennai,###BAD###
C00556,N/A,null,not_a_date,9999-99-99,Bengaluru, 
C00557,###BAD###, ,customer557@example.com,2025-05-27,123abc,Uttar Pradesh
nan,CustFN158,,@@@,2025-01-28,Pune,@@@
C00559,###BAD###,CustLN259,123abc,2023-05-22,N/A,Karnataka
,CustFN160,,customer560@example.com,123abc,###BAD###,null
C00561,CustFN161,CustLN261,,2024-11-29,Kolkata,Uttar Pradesh
C00562,CustFN162,CustLN262,NULL,2023-01-26,Bengaluru,nan
NULL,CustFN163,null,customer563@example.com,2025-05-10,Kolkata,Maharashtra
NULL,CustFN164,CustLN264,customer564@example.com,2025-09-30,Noida,Maharashtra
C00565,CustFN165,,customer565@example.com,2023-08-05,Mumbai,NULL
C00566,CustFN166,CustLN266,9999-99-99,N/A,N/A,Telangana
123abc,###BAD###, ,customer567@example.com,not_a_date,null,Karnataka
32-13-2025,CustFN168,CustLN268,customer568@example.com,2025-07-30,Noida,Uttar Pradesh
not_a_date,CustFN169,invalid,customer569@example.com,2023-11-10,not_a_date,Delhi
C00570,CustFN170,N/A,customer570@example.com,9999-99-99,Delhi,West Bengal
C00571,123abc,CustLN271,customer571@example.com,2023-12-27,Delhi,Telangana
null,not_a_date,CustLN272,customer572@example.com,2024-07-07,Chennai,not_a_date
C00573,CustFN173,CustLN273,null,2025-09-17,not_a_date,Delhi
9999-99-99,###BAD###,nan,customer574@example.com,2025-08-10,Noida,@@@
C00575,CustFN175,###BAD###,customer575@example.com,nan,Hyderabad,Maharashtra
32-13-2025,CustFN176,invalid,not_a_date,null, ,Maharashtra
C00577,CustFN177,CustLN277,customer577@example.com,null,###BAD###,@@@
C00578,null,CustLN278,customer578@example.com,N/A,Bengaluru,Karnataka
not_a_date,CustFN179,CustLN279,NULL,2023-06-27,Pune,nan
C00580,@@@,CustLN280,customer580@example.com,2024-07-25,null,Karnataka
@@@,CustFN181,N/A,123abc,2025-07-12,Noida,Karnataka
C00582,CustFN182,CustLN282,customer582@example.com,2024-05-14,invalid,
C00583,invalid,CustLN283,customer583@example.com,2025-08-09,,N/A
C00584,CustFN184,CustLN284,customer584@example.com,invalid,Bengaluru,Karnataka
C00585,CustFN185,CustLN285,NULL,2024-11-19, ,Uttar Pradesh
C00586,CustFN186,CustLN286,customer586@example.com,2023-02-28,Bengaluru,Maharashtra
C00587,CustFN187,9999-99-99,customer587@example.com,2025-10-09,N/A,NULL
32-13-2025,not_a_date,123abc,customer588@example.com,2024-10-27,NULL,Karnataka
invalid,CustFN189,CustLN289,NULL,2024-01-08,Delhi,N/A
C00590,CustFN190,CustLN290,@@@,N/A,@@@,Uttar Pradesh
invalid,@@@,CustLN291,customer591@example.com,2024-03-10,9999-99-99,32-13-2025
C00592,not_a_date,CustLN292,customer592@example.com,2024-12-27,Bengaluru,Delhi
C00593,@@@,CustLN293,customer593@example.com,2024-06-13,Bengaluru,9999-99-99
@@@,CustFN194,CustLN294,,2024-11-28,,Karnataka
@@@,NULL,not_a_date,@@@,2024-07-26,###BAD###,Delhi
C00596,CustFN196,not_a_date,customer596@example.com,2024-07-19,Pune,not_a_date
null,invalid,CustLN297,customer597@example.com,2023-01-21,not_a_date,Maharashtra
invalid,CustFN198,CustLN298,nan,N/A,9999-99-99,Telangana
null,CustFN199,CustLN299,customer599@example.com,,invalid,Maharashtra
C00600,CustFN0,CustLN0,customer600@example.com,2024-05-09,123abc,9999-99-99
C00601, ,@@@,nan,2025-04-12,Chennai,West Bengal
nan,CustFN2,N/A,customer602@example.com,invalid,Bengaluru,Tamil Nadu
NULL,null,CustLN3,customer603@example.com,2024-05-07,NULL,Delhi
9999-99-99, ,,32-13-2025,2025-09-02,Delhi,West Bengal
C00605, ,CustLN5, ,9999-99-99,###BAD###,Tamil Nadu
C00606,CustFN6,CustLN6,customer606@example.com,invalid, ,NULL
C00607,CustFN7,CustLN7,customer607@example.com,2023-02-05,9999-99-99,Tamil Nadu
@@@,###BAD###,CustLN8,###BAD###,2023-07-10,invalid,West Bengal
,32-13-2025,CustLN9,customer609@example.com,N/A,null,32-13-2025
C00610,CustFN10,CustLN10,customer610@example.com,nan,Mumbai,
not_a_date, ,CustLN11,customer611@example.com,2025-04-08, ,Tamil Nadu
C00612,invalid,CustLN12,customer612@example.com,2024-05-13,Mumbai,Maharashtra
C00613,CustFN13,,customer613@example.com,2024-09-19,Chennai,West Bengal
N/A,CustFN14,###BAD###,customer614@example.com,2025-01-25,Kolkata,###BAD###
###BAD###,CustFN15,CustLN15, ,2025-08-27,Hyderabad,Telangana
nan,CustFN16,invalid,invalid,,N/A,Delhi
123abc,not_a_date,CustLN17,null,2025-05-21,NULL,West Bengal
C00618,CustFN18,CustLN18,customer618@example.com,2024-11-08, ,###BAD###
invalid,32-13-2025,@@@,customer619@example.com,@@@,Chennai,Delhi
C00620, ,,customer620@example.com,N/A,123abc,Maharashtra
C00621,CustFN21,CustLN21,customer621@example.com,2024-07-08,###BAD###,9999-99-99
N/A,CustFN22,not_a_date,null,,Hyderabad,Maharashtra
,N/A,CustLN23,customer623@example.com,2024-05-29,###BAD###,Karnataka
C00624,CustFN24,CustLN24,customer624@example.com,123abc,Noida,Telangana
C00625, ,CustLN25,customer625@example.com,2023-09-05,@@@,Telangana
not_a_date,CustFN26,9999-99-99,customer626@example.com,123abc,Mumbai,Maharashtra
32-13-2025, ,invalid,invalid,null,@@@,Karnataka
C00628,nan,CustLN28,customer628@example.com,2023-09-02,NULL,Uttar Pradesh
32-13-2025,CustFN29,CustLN29,9999-99-99,2024-01-15,Hyderabad,Delhi
C00630,,CustLN30,32-13-2025,2024-01-28,###BAD###,
invalid,CustFN31,CustLN31,customer631@example.com,2024-03-19,Noida,Delhi
C00632,N/A,N/A,customer632@example.com,2025-09-18,,123abc
 ,CustFN33,CustLN33,123abc,2024-07-20,Pune,
C00634,32-13-2025,CustLN34,not_a_date,123abc,Bengaluru,West Bengal
C00635,###BAD###,CustLN35,customer635@example.com,2023-07-25,Pune, 
,not_a_date,32-13-2025,customer636@example.com,2024-02-02,Pune,Maharashtra
C00637,NULL,CustLN37,,2024-08-29,Pune,Telangana
C00638,32-13-2025,,customer638@example.com,2024-04-10,null,123abc
nan,CustFN39,not_a_date,NULL, ,9999-99-99,not_a_date
9999-99-99,CustFN40,CustLN40,123abc,2024-01-03, ,Telangana
C00641,CustFN41,###BAD###,123abc,2024-09-11,null, 
123abc,N/A,@@@,customer642@example.com,2023-01-29,Pune,Delhi
NULL,CustFN43,CustLN43,customer643@example.com,123abc, ,Karnataka
C00644,NULL,###BAD###,customer644@example.com,2024-07-15,Noida,Tamil Nadu
9999-99-99,CustFN45,nan,customer645@example.com,2023-04-04,nan,Delhi
C00646,CustFN46,CustLN46,customer646@example.com,,NULL,Tamil Nadu
nan,CustFN47,123abc,customer647@example.com,###BAD###,Noida,###BAD###
C00648,CustFN48,CustLN48, ,2023-09-16,123abc,West Bengal
C00649,CustFN49,null,invalid,2025-10-02,Bengaluru,invalid
C00650,CustFN50,nan,customer650@example.com,,Delhi,Maharashtra
C00651,CustFN51, ,customer651@example.com,2023-01-26,Mumbai,32-13-2025
C00652,@@@,CustLN52,customer652@example.com,2024-08-05,Chennai,Delhi
C00653,CustFN53,CustLN53,customer653@example.com,2025-08-19,Hyderabad,null
C00654,NULL,not_a_date,customer654@example.com,invalid,32-13-2025,Telangana
C00655,N/A,NULL,###BAD###,2025-06-21,invalid,West Bengal
C00656,nan,CustLN56,###BAD###,###BAD###,Bengaluru,Maharashtra
nan,CustFN57,CustLN57,123abc,2024-01-13,Pune,West Bengal
C00658,123abc,CustLN58,customer658@example.com,2023-04-16,Pune,Delhi
C00659,invalid,CustLN59,customer659@example.com,2024-06-01,9999-99-99,NULL
32-13-2025,CustFN60,CustLN60,,2025-09-05,Bengaluru,123abc
,CustFN61,CustLN61,invalid,2023-08-22,NULL,Uttar Pradesh
NULL, ,CustLN62,@@@, ,invalid,9999-99-99
C00663,CustFN63,CustLN63,customer663@example.com,2025-03-31,Noida,Tamil Nadu
9999-99-99,CustFN64,CustLN64,customer664@example.com,,Chennai,Karnataka
C00665,CustFN65, ,customer665@example.com,2023-06-01,Noida,Delhi
C00666,CustFN66,CustLN66,customer666@example.com,2023-04-20,nan,Maharashtra
not_a_date,CustFN67,32-13-2025,customer667@example.com,###BAD###,Delhi,Karnataka
C00668,CustFN68,nan,customer668@example.com,@@@,Hyderabad,Maharashtra
32-13-2025,NULL,CustLN69,customer669@example.com,2024-09-14,Noida,Karnataka
C00670,CustFN70,CustLN70,not_a_date,nan,Kolkata,Uttar Pradesh
C00671,,CustLN71,###BAD###,2024-05-23,nan,Maharashtra
C00672,CustFN72,CustLN72,customer672@example.com,2023-08-31,Pune,N/A
C00673,123abc,123abc,invalid,2025-05-02,N/A,Karnataka
C00674,32-13-2025,CustLN74,customer674@example.com,2024-04-07,NULL,Maharashtra
@@@,nan,not_a_date,customer675@example.com,,Chennai,Karnataka
null,CustFN76,CustLN76,N/A,not_a_date,not_a_date,Tamil Nadu
C00677,CustFN77,null,customer677@example.com,123abc,Noida,Delhi
nan,N/A,nan,customer678@example.com,2024-08-31,Chennai,Maharashtra
 ,CustFN79,null,###BAD###,2025-05-28,Mumbai, 
invalid,123abc,CustLN80,customer680@example.com,2024-09-17,Delhi,NULL
123abc,null,CustLN81,customer681@example.com,not_a_date,Hyderabad,not_a_date
C00682,N/A,CustLN82,customer682@example.com,32-13-2025,null,nan
C00683,CustFN83,32-13-2025,NULL,2024-03-01,Chennai,Tamil Nadu
32-13-2025,CustFN84,###BAD###,32-13-2025,###BAD###,Pune,Delhi
NULL,NULL,CustLN85,9999-99-99,2024-06-25,Hyderabad,
32-13-2025,CustFN86,32-13-2025, ,,Pune,
invalid,null,CustLN87,customer687@example.com,nan,@@@,Maharashtra
 ,CustFN88,null,customer688@example.com,null,Hyderabad,Maharashtra
C00689,123abc,CustLN89,customer689@example.com,2023-12-22,Mumbai,@@@
C00690,CustFN90,CustLN90,###BAD###,2023-06-03,@@@,9999-99-99
C00691, ,123abc,customer691@example.com,2023-11-17,Pune,Maharashtra
C00692,CustFN92,NULL,customer692@example.com, ,Chennai,not_a_date
9999-99-99,CustFN93,CustLN93,invalid,2025-04-16,Delhi,123abc
C00694,CustFN94,CustLN94,customer694@example.com,2025-07-11,null,N/A
C00695,CustFN95, ,invalid,2025-08-20,null,Delhi
###BAD###,CustFN96,not_a_date,NULL,N/A,Chennai,9999-99-99
null,CustFN97,CustLN97,customer697@example.com,2023-03-08,Delhi,Maharashtra
null,CustFN98,CustLN98,customer698@example.com,2024-04-19,invalid,Maharashtra
NULL,123abc,CustLN99,customer699@example.com,2024-08-13,Delhi,Maharashtra
C00700,CustFN100,CustLN100,customer700@example.com,2024-08-02,Hyderabad,West Bengal
C00701,###BAD###,CustLN101,customer701@example.com,2025-07-18,Pune,Maharashtra
C00702,CustFN102,CustLN102,customer702@example.com,invalid,Pune,not_a_date
C00703,32-13-2025,CustLN103,null,2024-04-23,Pune,Maharashtra
invalid,null,###BAD###,customer704@example.com,2024-06-25,Bengaluru,Telangana
C00705,N/A,CustLN105, ,2024-02-10,32-13-2025,Karnataka
C00706,CustFN106,CustLN106,customer706@example.com,2025-05-20,NULL,Karnataka
invalid,CustFN107,CustLN107,customer707@example.com,2023-08-24,9999-99-99,Maharashtra
C00708,CustFN108,CustLN108,customer708@example.com,2024-04-05,NULL, 
C00709,CustFN109,CustLN109,null,2023-11-02,Mumbai,West Bengal
C00710,invalid,CustLN110,customer710@example.com,@@@,###BAD###,invalid
NULL,9999-99-99,CustLN111,@@@,2023-10-19,###BAD###,9999-99-99
C00712,CustFN112,not_a_date,customer712@example.com,2023-05-27,N/A,null
nan,CustFN113,,not_a_date,2023-05-03,Noida,@@@
invalid,CustFN114,CustLN114,null,2023-12-06,123abc,NULL
C00715,,CustLN115,customer715@example.com,2024-09-21,N/A,Delhi
C00716,CustFN116,CustLN116,null,nan,invalid, 
null,invalid,@@@,###BAD###,2025-06-18,Pune,Delhi
C00718,CustFN118,null,123abc,###BAD###,nan,Maharashtra
C00719,NULL,CustLN119,customer719@example.com,32-13-2025,Hyderabad,not_a_date
C00720,CustFN120,N/A,,123abc,Chennai,West Bengal
C00721,N/A,invalid,customer721@example.com,2025-04-04,Pune,Maharashtra
null,32-13-2025,CustLN122,customer722@example.com,2024-07-11,Noida,Telangana
C00723, ,CustLN123,N/A,nan,Chennai,Delhi
N/A,not_a_date, ,customer724@example.com,2025-10-08,Noida,invalid
123abc,32-13-2025,CustLN125,not_a_date,2025-06-15,9999-99-99,Tamil Nadu
 ,9999-99-99,CustLN126,nan,2023-06-14,N/A,123abc
C00727,CustFN127,CustLN127,@@@,2023-03-23,Pune,@@@
C00728,NULL,, ,2025-06-03,###BAD###,###BAD###
C00729,###BAD###,CustLN129,customer729@example.com,invalid,Hyderabad,123abc
C00730,CustFN130,CustLN130,NULL,2024-05-27,Chennai,###BAD###
C00731,9999-99-99,invalid,customer731@example.com,not_a_date,Mumbai,Maharashtra
C00732, ,9999-99-99, ,2023-07-07,Noida,West Bengal
9999-99-99,###BAD###,CustLN133,customer733@example.com,2024-04-13,nan,Tamil Nadu
@@@,CustFN134,CustLN134,customer734@example.com,2023-02-12,32-13-2025,123abc
C00735,nan,9999-99-99,customer735@example.com,2024-07-05,###BAD###,West Bengal
@@@,CustFN136,,customer736@example.com,2023-03-24,@@@,Uttar Pradesh
@@@,CustFN137,null,nan,N/A,Bengaluru,Maharashtra
nan,CustFN138,CustLN138,customer738@example.com,2025-08-21,###BAD###,123abc
C00739,###BAD###,CustLN139,customer739@example.com, ,Bengaluru,null
C00740,null,CustLN140,customer740@example.com,2024-07-23,9999-99-99,
C00741,CustFN141,123abc,customer741@example.com,2024-01-07,invalid,Karnataka
invalid,nan,N/A,customer742@example.com,2025-06-11,Delhi,Maharashtra
C00743,CustFN143,CustLN143,customer743@example.com,123abc,Kolkata,9999-99-99
C00744,CustFN144,CustLN144,32-13-2025,2023-07-06,@@@,9999-99-99
9999-99-99,32-13-2025,nan,customer745@example.com,2025-08-20,9999-99-99,West Bengal
C00746,CustFN146,CustLN146,customer746@example.com,2024-12-13,Pune,32-13-2025
C00747, ,NULL,customer747@example.com,9999-99-99,Hyderabad,@@@
123abc,CustFN148,CustLN148,###BAD###,2024-11-13,32-13-2025,9999-99-99
NULL,CustFN149,CustLN149,customer749@example.com,2024-10-19,nan,Maharashtra
C00750,not_a_date,123abc,32-13-2025,2023-08-03,Kolkata,Telangana
C00751,nan,CustLN151,customer751@example.com,###BAD###,Hyderabad,invalid
C00752,CustFN152,nan,N/A,2024-11-06,Noida,null
C00753,CustFN153,CustLN153,9999-99-99,2025-04-23,nan,123abc
C00754,CustFN154,32-13-2025,NULL,2025-10-11,Bengaluru,West Bengal
C00755,CustFN155,CustLN155,customer755@example.com,2024-08-13,nan,Telangana
nan,not_a_date,CustLN156,customer756@example.com,9999-99-99,Pune,32-13-2025
C00757,CustFN157,###BAD###,customer757@example.com, ,Noida,Maharashtra
C00758,CustFN158,123abc,NULL,2025-07-20,Hyderabad,Karnataka
C00759,nan,nan,123abc,123abc,Pune,Tamil Nadu
C00760,CustFN160,CustLN160,customer760@example.com,invalid,Bengaluru,null
C00761,###BAD###,CustLN161,9999-99-99,@@@,invalid, 
C00762,CustFN162,CustLN162,customer762@example.com,2024-10-24,Pune,West Bengal
C00763,CustFN163,NULL,customer763@example.com,nan,Pune,Telangana
,CustFN164,CustLN164,customer764@example.com,2025-04-07,Chennai,Maharashtra
C00765,9999-99-99,CustLN165,customer765@example.com,invalid,Noida,Uttar Pradesh
32-13-2025,32-13-2025,NULL,customer766@example.com,2025-08-04,123abc,123abc
C00767,CustFN167,CustLN167,NULL,2025-04-26,Kolkata, 
123abc,123abc,CustLN168,customer768@example.com,2023-04-22,NULL,invalid
N/A,NULL,CustLN169,not_a_date,nan,Chennai,Telangana
 ,CustFN170,CustLN170,customer770@example.com,N/A,Kolkata,Delhi
C00771,9999-99-99,N/A,customer771@example.com,2025-10-17,Chennai,Maharashtra
C00772,CustFN172,,customer772@example.com,2025-06-24,Chennai,nan
C00773,CustFN173,CustLN173,,2023-04-16,NULL,Karnataka
C00774,CustFN174,invalid,invalid,9999-99-99,Noida, 
C00775,###BAD###,CustLN175,customer775@example.com,2024-06-30,Pune,N/A
C00776,CustFN176,N/A,customer776@example.com,123abc,Noida,###BAD###
C00777,CustFN177,CustLN177,customer777@example.com, ,Pune,Maharashtra
32-13-2025,CustFN178,CustLN178,invalid,null,NULL,Telangana
,CustFN179,CustLN179,not_a_date,###BAD###,Chennai,Maharashtra
C00780,CustFN180,32-13-2025,customer780@example.com,not_a_date,Delhi,###BAD###
N/A,@@@,CustLN181,customer781@example.com,2023-03-01,Hyderabad,Uttar Pradesh
123abc,CustFN182,CustLN182,nan,2024-05-05,Hyderabad,###BAD###
C00783,,invalid,customer783@example.com,2023-11-21,###BAD###,not_a_date
C00784, ,CustLN184,customer784@example.com,2024-09-28,###BAD###,Delhi
C00785,32-13-2025,CustLN185,@@@,2023-01-29,Chennai,West Bengal
N/A,CustFN186,CustLN186,###BAD###,2025-04-15,Mumbai,Karnataka
@@@,CustFN187,CustLN187,customer787@example.com,2023-07-10,Chennai,Delhi
9999-99-99,CustFN188,9999-99-99,32-13-2025,2024-04-05,not_a_date,Karnataka
C00789,CustFN189,CustLN189,customer789@example.com,null,,Delhi
,CustFN190, , ,null,Noida,invalid
nan,CustFN191,null,customer791@example.com,2023-08-29,Chennai,Uttar Pradesh
C00792,CustFN192,CustLN192,not_a_date,2023-11-12,Noida,not_a_date
C00793, ,invalid,customer793@example.com,N/A,NULL,null
@@@,nan,CustLN194,invalid,2024-08-20,N/A,Telangana
not_a_date,###BAD###,CustLN195,@@@,2024-07-13,Chennai,Delhi
C00796,CustFN196,CustLN196,9999-99-99,N/A,@@@,Maharashtra
N/A,CustFN197,CustLN197,customer797@example.com,2025-09-15,,West Bengal
C00798,CustFN198,CustLN198,customer798@example.com,32-13-2025,invalid,not_a_date
9999-99-99,CustFN199,CustLN199,customer799@example.com,N/A,Kolkata,Tamil Nadu
C00800,CustFN0,CustLN200,customer800@example.com,2025-07-24,9999-99-99,Uttar Pradesh
invalid,CustFN1,123abc,customer801@example.com,2023-10-24,Mumbai,9999-99-99
nan,null,not_a_date,null,@@@,not_a_date,Delhi
C00803,9999-99-99,CustLN203,customer803@example.com,2024-01-26,NULL,Delhi
C00804,###BAD###,N/A,customer804@example.com,2023-10-07,N/A, 
C00805,not_a_date,CustLN205,customer805@example.com,2023-05-23,Delhi,nan
C00806,123abc,nan,123abc,2024-07-19,NULL,Maharashtra
C00807,CustFN7,invalid,###BAD###,###BAD###,Pune,9999-99-99
,CustFN8,CustLN208,###BAD###,2024-11-27,Noida,invalid
9999-99-99,CustFN9,9999-99-99,customer809@example.com,invalid,9999-99-99,Karnataka
C00810,CustFN10,CustLN210,customer810@example.com,2023-01-06,Bengaluru,###BAD###
C00811,CustFN11,CustLN211,null,N/A,nan,West Bengal
C00812,CustFN12,CustLN212,customer812@example.com,2024-09-03,9999-99-99,Maharashtra
C00813,CustFN13,CustLN213,customer813@example.com,2025-09-29,Hyderabad,###BAD###
C00814,123abc,@@@,###BAD###,invalid,Noida,N/A
C00815,CustFN15,CustLN215,@@@,32-13-2025,,123abc
null,@@@,N/A,customer816@example.com,2025-09-18,Kolkata,null
C00817,CustFN17,nan,@@@,2024-12-07,123abc,N/A
C00818,CustFN18,,customer818@example.com,2024-11-11,Pune,@@@
C00819,null,CustLN219,N/A,invalid,Chennai,not_a_date
C00820,CustFN20,CustLN220,customer820@example.com,9999-99-99,123abc,N/A
C00821,CustFN21,CustLN221,customer821@example.com,2024-10-21,Delhi,NULL
C00822,invalid,CustLN222,customer822@example.com, , ,Delhi
@@@,CustFN23,CustLN223,customer823@example.com,9999-99-99,Mumbai,###BAD###
C00824, ,CustLN224,customer824@example.com,2025-02-23,not_a_date,null
null,N/A,invalid,customer825@example.com,2024-04-23,@@@,N/A
C00826,CustFN26,CustLN226,123abc,2025-04-21,Bengaluru,Delhi
C00827,@@@,CustLN227,null,###BAD###,123abc,Maharashtra
C00828,not_a_date,nan,N/A,2024-10-13,Hyderabad,nan
C00829,CustFN29,,NULL,2025-08-26,9999-99-99,West Bengal
null,CustFN30,CustLN230,customer830@example.com,NULL,N/A,Karnataka
C00831,,invalid,customer831@example.com,2025-03-01,Chennai,West Bengal
C00832,CustFN32,CustLN232,,null,nan,32-13-2025
nan,CustFN33,invalid,customer833@example.com,2025-10-11,Mumbai,NULL
C00834, ,null,null,9999-99-99,Chennai,@@@
C00835,CustFN35,invalid,customer835@example.com,@@@,@@@,Tamil Nadu
C00836,CustFN36,invalid,customer836@example.com,2025-10-25,Pune,123abc
C00837,CustFN37,NULL,customer837@example.com,2024-11-10,nan,Maharashtra
123abc,N/A,not_a_date,customer838@example.com,32-13-2025,Noida,###BAD###
C00839,CustFN39,CustLN239,,2025-06-20,Noida,West Bengal
C00840,CustFN40,CustLN240,customer840@example.com,2023-07-24,Bengaluru, 
not_a_date,CustFN41,@@@,customer841@example.com,invalid,Noida, 
 ,null,CustLN242,N/A,2023-02-01,Chennai,Delhi
 ,###BAD###,CustLN243,customer843@example.com,2023-10-23,,Maharashtra
C00844,CustFN44,invalid,customer844@example.com,123abc,9999-99-99,Delhi
not_a_date,CustFN45,not_a_date,NULL,2023-11-13,123abc,Maharashtra
C00846,CustFN46,CustLN246,customer846@example.com,NULL,9999-99-99,Uttar Pradesh
null,CustFN47,CustLN247,customer847@example.com,2025-08-19,Noida,Maharashtra
C00848,CustFN48,CustLN248,customer848@example.com,NULL,NULL,Karnataka
C00849,CustFN49,CustLN249,32-13-2025,not_a_date,nan,nan
C00850,CustFN50,nan,customer850@example.com,2025-03-25,Mumbai,Telangana
not_a_date, ,9999-99-99,customer851@example.com,2023-06-14,nan,Uttar Pradesh
32-13-2025,NULL,CustLN252,nan,2024-11-03,Chennai,Maharashtra
###BAD###,invalid,NULL,customer853@example.com,9999-99-99,Kolkata,invalid
C00854,not_a_date,123abc,customer854@example.com,2024-10-10,invalid,Telangana
C00855,nan,###BAD###,customer855@example.com,2025-09-26,Hyderabad,Karnataka
C00856,CustFN56,@@@, ,2023-03-15,Hyderabad,123abc
 ,CustFN57,CustLN257,32-13-2025,null,Pune,West Bengal
not_a_date,invalid,CustLN258,customer858@example.com,2024-04-25,Delhi,Karnataka
123abc,CustFN59,CustLN259,customer859@example.com,2024-08-11,Hyderabad,Tamil Nadu
C00860,CustFN60,CustLN260,customer860@example.com,2024-04-10,Delhi,Tamil Nadu
null,CustFN61,NULL,nan,N/A,Bengaluru,Uttar Pradesh
C00862,CustFN62,123abc,nan,2025-06-07,Bengaluru,32-13-2025
@@@,CustFN63,32-13-2025,customer863@example.com,2023-07-21,,Maharashtra
not_a_date,CustFN64,not_a_date,null,invalid,Pune,NULL
C00865,CustFN65,CustLN265,nan,nan,Kolkata,Tamil Nadu
9999-99-99,,CustLN266,###BAD###,2023-12-07,Mumbai,Uttar Pradesh
nan,not_a_date,null,@@@,2024-09-05,9999-99-99,Telangana
9999-99-99,CustFN68,CustLN268,not_a_date,NULL,not_a_date,9999-99-99
C00869,CustFN69,123abc,customer869@example.com,2023-04-05,null,Maharashtra
C00870,CustFN70,CustLN270,customer870@example.com,9999-99-99,32-13-2025,Delhi
C00871,CustFN71,CustLN271, ,2023-04-25, ,Tamil Nadu
C00872,not_a_date,CustLN272,9999-99-99,2024-08-23,invalid,Telangana
###BAD###,CustFN73,CustLN273,customer873@example.com,2025-01-04,Chennai,Karnataka
C00874,CustFN74,CustLN274,,2025-02-06,NULL,Telangana
C00875,,nan,customer875@example.com,2025-06-01,Chennai,32-13-2025
C00876,CustFN76,###BAD###,customer876@example.com,2023-10-26,nan,@@@
C00877,@@@,CustLN277,customer877@example.com, , ,32-13-2025
C00878,CustFN78,CustLN278,customer878@example.com,2025-04-23,Mumbai,Telangana
nan,CustFN79,CustLN279,customer879@example.com,2024-01-04,,9999-99-99
null,CustFN80,,123abc,2023-12-15,###BAD###,Uttar Pradesh
C00881,CustFN81,###BAD###,customer881@example.com,2023-12-25,Chennai,null
C00882,CustFN82,CustLN282,invalid,2023-06-11,123abc,Maharashtra
C00883,CustFN83,CustLN283,nan,2025-02-22,Hyderabad,Maharashtra
,nan,###BAD###,customer884@example.com,not_a_date,invalid,
9999-99-99,CustFN85,123abc,9999-99-99,2025-10-16,123abc, 
C00886,CustFN86,CustLN286,customer886@example.com,2023-10-21,not_a_date,Karnataka
NULL,NULL,CustLN287,not_a_date,2024-04-20,Pune,Maharashtra
invalid,nan,N/A,customer888@example.com,9999-99-99,Kolkata,Maharashtra
C00889,CustFN89,CustLN289,customer889@example.com, ,Kolkata,123abc
nan,CustFN90,CustLN290,9999-99-99,2025-07-30,NULL,Maharashtra
32-13-2025,CustFN91, ,customer891@example.com,invalid, ,invalid
C00892,CustFN92,CustLN292,nan,2023-01-20,Bengaluru,Maharashtra
C00893,null,###BAD###,invalid,not_a_date,Noida,Uttar Pradesh
C00894,CustFN94,CustLN294,123abc,2024-08-12,###BAD###,Maharashtra
null,invalid,CustLN295,customer895@example.com,2023-11-20,Hyderabad,###BAD###
C00896,CustFN96,@@@,customer896@example.com,invalid,nan,Karnataka
C00897,CustFN97,null,customer897@example.com,2025-06-23,Kolkata,N/A
C00898,CustFN98,NULL,N/A,,null,###BAD###
C00899,CustFN99,CustLN299,9999-99-99,2024-09-04,Delhi,West Bengal
9999-99-99,null,,###BAD###,2025-05-18,Noida,Tamil Nadu
###BAD###,CustFN101,,123abc,N/A,Pune,Maharashtra
nan,not_a_date,@@@,NULL,2025-07-24,Delhi,West Bengal
C00903,CustFN103,CustLN3,customer903@example.com,9999-99-99,Delhi,Telangana
not_a_date,32-13-2025,,123abc,2024-02-12,nan,Maharashtra
123abc,CustFN105,CustLN5, , ,Kolkata,invalid
9999-99-99,CustFN106,CustLN6,nan,,NULL,Karnataka
,CustFN107,CustLN7,customer907@example.com, ,Bengaluru,West Bengal
C00908,9999-99-99,N/A,customer908@example.com,###BAD###,Pune,32-13-2025
C00909,N/A,NULL,customer909@example.com,2025-02-20,N/A,Maharashtra
###BAD###,CustFN110, ,customer910@example.com,nan,@@@,not_a_date
C00911,CustFN111,32-13-2025,NULL,2024-08-28,Kolkata,null
9999-99-99,,CustLN12,customer912@example.com,2024-08-27,Noida,Karnataka
32-13-2025,CustFN113,123abc,customer913@example.com,not_a_date,N/A,@@@
invalid,CustFN114,CustLN14,123abc,invalid,Noida,NULL
9999-99-99,CustFN115,CustLN15,customer915@example.com,2024-07-16,123abc,Tamil Nadu
C00916,CustFN116,nan,customer916@example.com,123abc,Noida, 
NULL,nan,,,2023-04-11,Bengaluru,9999-99-99
not_a_date,CustFN118,CustLN18,customer918@example.com,2025-10-14,Hyderabad, 
C00919,9999-99-99,N/A,customer919@example.com,2024-08-09,null,NULL
C00920,CustFN120,123abc,customer920@example.com,N/A,Mumbai,123abc
C00921,CustFN121,null, ,9999-99-99,Noida,West Bengal
C00922,CustFN122,nan,customer922@example.com,2024-03-24,Chennai,West Bengal
NULL,invalid,CustLN23, ,2024-01-25,9999-99-99,Maharashtra
C00924,CustFN124,9999-99-99,null,2024-05-28,9999-99-99,Uttar Pradesh
32-13-2025,CustFN125,N/A,customer925@example.com,,Chennai,null
NULL,@@@,CustLN26,N/A,2023-07-18,Mumbai,
C00927,CustFN127,CustLN27,customer927@example.com,2023-03-22,9999-99-99,NULL
C00928,,CustLN28,invalid,2024-09-24,not_a_date,Karnataka
C00929,CustFN129,invalid,customer929@example.com,2025-06-21,123abc,not_a_date
null,NULL,CustLN30,null,2023-03-10,32-13-2025,Karnataka
 ,not_a_date,nan,invalid,2025-01-17,Pune,NULL
C00932,CustFN132,CustLN32,customer932@example.com,null,N/A,invalid
C00933,CustFN133,CustLN33,9999-99-99,9999-99-99,Mumbai,Maharashtra
C00934,123abc,CustLN34,,,null,N/A
C00935,32-13-2025,null, ,2024-10-31,Noida,Karnataka
 ,CustFN136,,customer936@example.com,2025-04-30,32-13-2025,Delhi
C00937,CustFN137,CustLN37,customer937@example.com,2023-12-26,Chennai,Maharashtra
C00938,CustFN138,nan,9999-99-99,invalid,Hyderabad,123abc
C00939,,N/A,customer939@example.com,,Bengaluru,Maharashtra
C00940,9999-99-99,@@@,customer940@example.com,9999-99-99,Bengaluru,null
C00941, ,CustLN41,not_a_date,2025-10-24,Hyderabad,
C00942,,CustLN42,customer942@example.com,2024-07-12,123abc,###BAD###
32-13-2025,invalid,@@@,customer943@example.com,2023-12-03,N/A,Tamil Nadu
C00944,CustFN144,CustLN44,customer944@example.com,2024-06-10,not_a_date,Maharashtra
N/A,CustFN145,CustLN45,customer945@example.com,NULL,Hyderabad,Karnataka
C00946,CustFN146,CustLN46,customer946@example.com,NULL,Hyderabad,Karnataka
C00947,CustFN147,nan,###BAD###,null,9999-99-99,Telangana
NULL,###BAD###,invalid,null,@@@,Bengaluru,Uttar Pradesh
C00949,###BAD###,CustLN49,customer949@example.com,2025-08-17,Pune,Maharashtra
###BAD###,CustFN150,CustLN50,customer950@example.com,2023-06-04,Delhi,32-13-2025
C00951,not_a_date,CustLN51,customer951@example.com,2023-10-16,Bengaluru,NULL
###BAD###,CustFN152,CustLN52,9999-99-99,2024-04-07,@@@,West Bengal
C00953,CustFN153,CustLN53,customer953@example.com,N/A,Bengaluru,nan
C00954,CustFN154,CustLN54,null,32-13-2025,N/A,@@@
C00955,CustFN155,CustLN55,customer955@example.com,2023-07-04,nan,9999-99-99
invalid,CustFN156,CustLN56, ,2025-03-19,###BAD###,invalid
C00957,CustFN157,CustLN57,customer957@example.com,2023-01-29,@@@,Karnataka
C00958,CustFN158,CustLN58,customer958@example.com,invalid,Noida,null
9999-99-99,invalid,CustLN59,customer959@example.com,32-13-2025,,not_a_date
C00960,NULL,CustLN60,customer960@example.com,2025-07-20,Hyderabad,not_a_date
C00961,CustFN161,CustLN61,customer961@example.com,NULL,32-13-2025,
C00962,null, ,invalid,32-13-2025,not_a_date,@@@
C00963,CustFN163,CustLN63,null,not_a_date,,invalid
C00964,,@@@,customer964@example.com,2025-01-30,Pune,West Bengal
C00965,CustFN165,nan,customer965@example.com,2023-08-10,Bengaluru,Delhi
C00966,not_a_date,CustLN66,not_a_date,2024-04-23,123abc,Uttar Pradesh
null,CustFN167,null,123abc, ,Kolkata,NULL
C00968,CustFN168,CustLN68,customer968@example.com,invalid,Delhi,Maharashtra
###BAD###,CustFN169,,customer969@example.com,2024-11-02,Mumbai,Delhi
C00970,CustFN170,CustLN70,32-13-2025,2024-03-29,Hyderabad,nan
C00971,CustFN171,CustLN71,NULL,2023-05-10,not_a_date,Maharashtra
C00972,9999-99-99,CustLN72,customer972@example.com,2025-08-08,NULL,Maharashtra
C00973,CustFN173,123abc,nan,2024-09-10,Kolkata,Karnataka
not_a_date,CustFN174,###BAD###,customer974@example.com,invalid,32-13-2025,Delhi
9999-99-99,CustFN175,CustLN75,customer975@example.com,2023-08-27,Delhi,Maharashtra
C00976,null,CustLN76,customer976@example.com, ,Mumbai,123abc
C00977,CustFN177,CustLN77,customer977@example.com,2023-04-03,N/A,Maharashtra
NULL,32-13-2025,invalid,123abc,not_a_date,123abc,Tamil Nadu
###BAD###,NULL,CustLN79,nan,2024-09-15,Kolkata,West Bengal
C00980,,CustLN80,customer980@example.com,N/A,Mumbai,West Bengal
invalid,CustFN181,CustLN81,N/A,2023-08-26,Hyderabad,Delhi
invalid,CustFN182,CustLN82,customer982@example.com,2023-07-19,Noida,Maharashtra
C00983,9999-99-99,CustLN83,NULL,###BAD###,9999-99-99,Tamil Nadu
nan,not_a_date,CustLN84,null,2023-10-05,Kolkata,Delhi
C00985, ,@@@,customer985@example.com, ,32-13-2025,Maharashtra
C00986,CustFN186,32-13-2025,customer986@example.com,2025-07-18,Bengaluru,Maharashtra
C00987,CustFN187,CustLN87,customer987@example.com,2025-01-29,32-13-2025,Telangana
,CustFN188,CustLN88,customer988@example.com,not_a_date,Kolkata,32-13-2025
C00989,CustFN189,CustLN89,@@@,32-13-2025,9999-99-99,invalid
C00990,###BAD###, ,customer990@example.com,2025-04-29,Pune,N/A
123abc,CustFN191,N/A,customer991@example.com,invalid,Kolkata,32-13-2025
C00992,,CustLN92,123abc,NULL,N/A,Uttar Pradesh
NULL,CustFN193,CustLN93,customer993@example.com,@@@,Bengaluru,Telangana
C00994,CustFN194,N/A,123abc,@@@,Kolkata,Maharashtra
nan,CustFN195,CustLN95,123abc,2023-03-09,Hyderabad,Telangana
C00996,CustFN196,CustLN96,customer996@example.com,2025-01-28,Chennai,###BAD###
N/A,CustFN197,,customer997@example.com,2024-03-20,Chennai,Uttar Pradesh
C00998,@@@,CustLN98,###BAD###,2025-06-27,Mumbai,nan
9999-99-99,CustFN199, ,invalid,2025-06-29,null,Karnataka
123abc,CustFN0,null,32-13-2025,2024-04-28,Hyderabad,Uttar Pradesh
C00575,CustFN175,###BAD###,customer575@example.com,nan,Hyderabad,Maharashtra
123abc,32-13-2025,CustLN125,not_a_date,2025-06-15,9999-99-99,Tamil Nadu
###BAD###,32-13-2025,CustLN231,123abc,123abc,Delhi,N/A
C00922,CustFN122,nan,customer922@example.com,2024-03-24,Chennai,West Bengal
N/A,CustFN22,not_a_date,null,,Hyderabad,Maharashtra
not_a_date,,,,not_a_date,###BAD###,
###BAD###,,###BAD###,,###BAD###,###BAD###,
,not_a_date,invalid,not_a_date,not_a_date,invalid,not_a_date
,,###BAD###,not_a_date,,invalid,invalid
,###BAD###,not_a_date,###BAD###,not_a_date,invalid,invalid
